lambda,Neff_B,mismatch
0.25,44.179162647034765,0.451659377412283
0.5,39.798083341985496,0.4656023054859829
1.0,32.869339438929806,0.43482681957307917
2.0,29.23860060802402,0.4486619394362008
4.0,29.4930164560891,0.4448274869654636
